tconst	ordering	nconst	category	job	characters	img_url_asset
tt1637688	10	nm0821205	editor	\N	\N
tt1637688	1	nm0005493	actor	\N	["Will Salas"]
tt1637688	2	nm1086543	actress	\N	["Sylvia Weis"]
tt1637688	3	nm0614165	actor	\N	["Raymond Leon"]
tt1637688	4	nm1312575	actress	\N	["Rachel Salas"]
tt1637688	5	nm0629272	director	\N	\N
tt1637688	6	nm0008953	producer	producer	\N
tt1637688	7	nm0628080	producer	producer	\N
tt1637688	8	nm0035661	composer	\N	\N
tt1637688	9	nm0005683	cinematographer	director of photography	\N